split,rows,uids,zero_ratio
train,26404,349,0.3472958642629905
val,1396,349,0.2808022922636103
test,1396,349,0.2163323782234957
