split,rows,uids,zero_ratio
train,48726,643,0.4817140746213521
val,2572,643,0.3402021772939347
test,1119,643,0.10455764075067024
